id,treatment,tofrom,value,role,resp,round,rounds,old
1,1,6,20,0,1,1,2,0
1,1,9,20,0,0,1,2,0
1,1,10,20,0,1,1,2,0
1,1,11,20,0,1,1,2,0
1,1,13,20,0,1,1,2,0
1,1,14,20,0,1,1,2,0
1,1,16,20,0,1,1,2,0
1,1,17,20,0,1,1,2,0
1,1,18,20,0,1,2,2,0
1,1,19,20,0,1,2,2,0
1,1,23,20,0,1,2,2,0
1,1,26,20,0,1,2,2,0
1,1,27,20,0,1,2,2,0
1,1,28,20,0,1,2,2,0
1,1,31,20,0,1,2,2,0
1,1,32,20,0,1,2,2,0
2,1,9,20,0,1,1,2,0
2,1,10,20,0,1,1,2,0
2,1,11,20.1000003815,0,1,1,2,0
2,1,13,20,0,1,1,2,0
2,1,14,20,0,1,1,2,0
2,1,16,20,0,1,1,2,0
2,1,17,20.5,0,1,1,2,0
2,1,6,20,0,1,1,2,0
2,1,19,16,0,1,2,2,0
2,1,23,16,0,1,2,2,0
2,1,26,16,0,1,2,2,0
2,1,27,16,0,1,2,2,0
2,1,28,16,0,1,2,2,0
2,1,31,16,0,1,2,2,0
2,1,32,16,0,1,2,2,0
2,1,18,16,0,1,2,2,0
3,1,10,30.1000003815,0,1,1,2,0
3,1,11,26.8999996185,0,1,1,2,0
3,1,13,26.8999996185,0,1,1,2,0
3,1,14,26.8999996185,0,1,1,2,0
3,1,16,29.8999996185,0,1,1,2,0
3,1,17,29.8999996185,0,1,1,2,0
3,1,6,30.1000003815,0,1,1,2,0
3,1,9,30.1000003815,0,1,1,2,0
3,1,23,22.5,0,1,2,2,0
3,1,26,22.6000003815,0,1,2,2,0
3,1,27,22.1000003815,0,1,2,2,0
3,1,28,20,0,1,2,2,0
3,1,31,22,0,1,2,2,0
3,1,32,22,0,1,2,2,0
3,1,18,23,0,1,2,2,0
3,1,19,23,0,1,2,2,0
4,1,11,11,0,0,1,2,0
4,1,13,13,0,0,1,2,0
4,1,14,12.5,0,1,1,2,0
4,1,16,12,0,1,1,2,0
4,1,17,13,0,1,1,2,0
4,1,6,12.1999998093,0,1,1,2,0
4,1,9,11.1999998093,0,0,1,2,0
4,1,10,12.1999998093,0,0,1,2,0
4,1,26,16,0,1,2,2,0
4,1,27,15,0,1,2,2,0
4,1,28,16,0,1,2,2,0
4,1,31,15,0,1,2,2,0
4,1,32,15.5,0,1,2,2,0
4,1,18,15,0,1,2,2,0
4,1,19,16,0,1,2,2,0
4,1,23,15,0,1,2,2,0
5,1,13,11,0,0,1,2,0
5,1,14,11,0,1,1,2,0
5,1,16,11,0,1,1,2,0
5,1,17,11,0,0,1,2,0
5,1,6,11,0,0,1,2,0
5,1,9,11,0,0,1,2,0
5,1,10,11,0,0,1,2,0
5,1,11,11,0,0,1,2,0
5,1,27,17,0,1,2,2,0
5,1,28,17,0,1,2,2,0
5,1,31,17,0,1,2,2,0
5,1,32,17,0,1,2,2,0
5,1,18,17,0,1,2,2,0
5,1,19,17,0,1,2,2,0
5,1,23,17,0,1,2,2,0
5,1,26,17,0,1,2,2,0
7,1,14,17.7000007629,0,1,1,2,0
7,1,16,17.5,0,1,1,2,0
7,1,17,17.7000007629,0,1,1,2,0
7,1,6,17.7000007629,0,1,1,2,0
7,1,9,17.6000003815,0,0,1,2,0
7,1,10,17.5,0,0,1,2,0
7,1,11,17.6000003815,0,0,1,2,0
7,1,13,17.6000003815,0,1,1,2,0
7,1,28,18.2000007629,0,1,2,2,0
7,1,31,18.2000007629,0,1,2,2,0
7,1,32,18.2000007629,0,1,2,2,0
7,1,18,18.2999992371,0,1,2,2,0
7,1,19,18.2999992371,0,1,2,2,0
7,1,23,18.1000003815,0,1,2,2,0
7,1,26,18.1000003815,0,1,2,2,0
7,1,27,18.1000003815,0,1,2,2,0
8,1,16,3,0,1,1,2,0
8,1,17,14,0,1,1,2,0
8,1,6,8,0,0,1,2,0
8,1,9,6,0,0,1,2,0
8,1,10,10,0,0,1,2,0
8,1,11,2,0,0,1,2,0
8,1,13,4,0,0,1,2,0
8,1,14,12,0,1,1,2,0
8,1,31,12,0,0,2,2,0
8,1,32,13,0,0,2,2,0
8,1,18,9,0,1,2,2,0
8,1,19,10,0,1,2,2,0
8,1,23,11,0,1,2,2,0
8,1,26,11,0,1,2,2,0
8,1,27,12,0,1,2,2,0
8,1,28,7,0,1,2,2,0
12,1,17,25.5,0,1,1,2,0
12,1,6,25.5,0,1,1,2,0
12,1,9,25.5,0,1,1,2,0
12,1,10,25.5,0,1,1,2,0
12,1,11,25.5,0,1,1,2,0
12,1,13,25.5,0,1,1,2,0
12,1,14,25.5,0,1,1,2,0
12,1,16,25.5,0,1,1,2,0
12,1,32,15,0,0,2,2,0
12,1,18,5,0,0,2,2,0
12,1,19,5,0,0,2,2,0
12,1,23,6,0,1,2,2,0
12,1,26,7,0,1,2,2,0
12,1,27,10,0,1,2,2,0
12,1,28,10,0,1,2,2,0
12,1,31,15,0,1,2,2,0
15,1,18,14,0,1,1,2,0
15,1,19,15,0,1,1,2,0
15,1,23,17,0,1,1,2,0
15,1,26,19.1000003815,0,1,1,2,0
15,1,27,21,0,1,1,2,0
15,1,28,23,0,1,1,2,0
15,1,31,25,0,1,1,2,0
15,1,32,20,0,1,1,2,0
15,1,6,15,0,1,2,2,0
15,1,9,15,0,1,2,2,0
15,1,10,15,0,0,2,2,0
15,1,11,15,0,0,2,2,0
15,1,13,15,0,1,2,2,0
15,1,14,15,0,1,2,2,0
15,1,16,15,0,1,2,2,0
15,1,17,15,0,1,2,2,0
20,1,19,28.8999996185,0,1,1,2,0
20,1,23,28,0,1,1,2,0
20,1,26,28.2000007629,0,1,1,2,0
20,1,27,27.7000007629,0,1,1,2,0
20,1,28,33.7000007629,0,1,1,2,0
20,1,31,31.2999992371,0,1,1,2,0
20,1,32,36.4000015259,0,1,1,2,0
20,1,18,28.6000003815,0,1,1,2,0
20,1,9,21.7000007629,0,1,2,2,0
20,1,10,23.7000007629,0,1,2,2,0
20,1,11,25.1000003815,0,1,2,2,0
20,1,13,23.2999992371,0,1,2,2,0
20,1,14,22.6000003815,0,1,2,2,0
20,1,16,22.2000007629,0,1,2,2,0
20,1,17,10.8999996185,0,0,2,2,0
20,1,6,20.7000007629,0,1,2,2,0
21,1,23,15,0,1,1,2,0
21,1,26,15,0,1,1,2,0
21,1,27,15,0,1,1,2,0
21,1,28,15,0,1,1,2,0
21,1,31,15,0,0,1,2,0
21,1,32,15,0,1,1,2,0
21,1,18,15,0,1,1,2,0
21,1,19,15,0,1,1,2,0
21,1,10,15,0,0,2,2,0
21,1,11,15,0,0,2,2,0
21,1,13,15,0,1,2,2,0
21,1,14,15,0,1,2,2,0
21,1,16,15,0,1,2,2,0
21,1,17,15,0,1,2,2,0
21,1,6,15,0,1,2,2,0
21,1,9,15,0,1,2,2,0
22,1,26,46.5999984741,0,0,1,2,0
22,1,27,32.7000007629,0,1,1,2,0
22,1,28,33.2999992371,0,1,1,2,0
22,1,31,33.7000007629,0,1,1,2,0
22,1,32,44.4000015259,0,1,1,2,0
22,1,18,37.7000007629,0,1,1,2,0
22,1,19,27.7000007629,0,1,1,2,0
22,1,23,26.7000007629,0,1,1,2,0
22,1,11,27.7000007629,0,1,2,2,0
22,1,13,22.2000007629,0,1,2,2,0
22,1,14,16.6000003815,0,1,2,2,0
22,1,16,15.5,0,1,2,2,0
22,1,17,21.1000003815,0,1,2,2,0
22,1,6,4.1999998093,0,0,2,2,0
22,1,9,15.5,0,1,2,2,0
22,1,10,26.6000003815,0,1,2,2,0
24,1,27,6,0,0,1,2,0
24,1,28,8,0,1,1,2,0
24,1,31,5,0,0,1,2,0
24,1,32,4,0,0,1,2,0
24,1,18,5,0,1,1,2,0
24,1,19,10,0,1,1,2,0
24,1,23,5,0,1,1,2,0
24,1,26,3,0,0,1,2,0
24,1,13,6.0999999046,0,1,2,2,0
24,1,14,10,0,1,2,2,0
24,1,16,7,0,1,2,2,0
24,1,17,8,0,0,2,2,0
24,1,6,10,0,0,2,2,0
24,1,9,7,0,1,2,2,0
24,1,10,5.0999999046,0,0,2,2,0
24,1,11,7,0,0,2,2,0
25,1,28,23,0,1,1,2,0
25,1,31,23,0,1,1,2,0
25,1,32,23,0,1,1,2,0
25,1,18,22,0,1,1,2,0
25,1,19,22,0,1,1,2,0
25,1,23,22,0,1,1,2,0
25,1,26,22,0,1,1,2,0
25,1,27,23,0,1,1,2,0
25,1,14,20,0,1,2,2,0
25,1,16,20,0,1,2,2,0
25,1,17,20,0,1,2,2,0
25,1,6,20,0,1,2,2,0
25,1,9,20,0,1,2,2,0
25,1,10,20,0,1,2,2,0
25,1,11,20,0,1,2,2,0
25,1,13,20,0,1,2,2,0
29,1,31,20,0,1,1,2,0
29,1,32,20,0,1,1,2,0
29,1,18,19,0,1,1,2,0
29,1,19,19,0,1,1,2,0
29,1,23,15,0,1,1,2,0
29,1,26,15,0,1,1,2,0
29,1,27,19,0,1,1,2,0
29,1,28,20,0,1,1,2,0
29,1,16,15,0,1,2,2,0
29,1,17,15,0,1,2,2,0
29,1,6,15,0,1,2,2,0
29,1,9,15,0,1,2,2,0
29,1,10,15,0,0,2,2,0
29,1,11,15,0,0,2,2,0
29,1,13,15,0,1,2,2,0
29,1,14,15,0,1,2,2,0
30,1,32,26.5,0,1,1,2,0
30,1,18,24.1000003815,0,1,1,2,0
30,1,19,25.7000007629,0,1,1,2,0
30,1,23,25,0,1,1,2,0
30,1,26,20.5,0,1,1,2,0
30,1,27,29,0,1,1,2,0
30,1,28,24.2000007629,0,1,1,2,0
30,1,31,25.6000003815,0,1,1,2,0
30,1,17,21,0,0,2,2,0
30,1,6,20,0,1,2,2,0
30,1,9,20,0,1,2,2,0
30,1,10,20.5,0,1,2,2,0
30,1,11,20,0,1,2,2,0
30,1,13,20.5,0,1,2,2,0
30,1,14,21.1000003815,0,1,2,2,0
30,1,16,20.5,0,1,2,2,0
33,2,34,14.8999996185,0,1,1,2,0
33,2,36,14.8999996185,0,1,1,2,0
33,2,38,14.8999996185,0,0,1,2,0
33,2,39,14.8999996185,0,1,1,2,0
33,2,42,14.8999996185,0,1,1,2,0
33,2,45,14.8999996185,0,1,1,2,0
33,2,46,14.8999996185,0,1,1,2,0
33,2,48,14.8999996185,0,1,1,2,0
33,2,49,13.8999996185,0,1,2,2,0
33,2,50,13.8999996185,0,1,2,2,0
33,2,52,13.8999996185,0,1,2,2,0
33,2,56,13.8999996185,0,1,2,2,0
33,2,57,13.8999996185,0,1,2,2,0
33,2,60,13.8999996185,0,1,2,2,0
33,2,61,13.8999996185,0,1,2,2,0
33,2,63,13.8999996185,0,1,2,2,0
35,2,36,18,0,1,1,2,0
35,2,38,18,0,1,1,2,0
35,2,39,18,0,1,1,2,0
35,2,42,18,0,1,1,2,0
35,2,45,18,0,1,1,2,0
35,2,46,18,0,1,1,2,0
35,2,48,18,0,1,1,2,0
35,2,34,19,0,1,1,2,0
35,2,50,17,0,1,2,2,0
35,2,52,17,0,1,2,2,0
35,2,56,17,0,1,2,2,0
35,2,57,17.1000003815,0,1,2,2,0
35,2,60,17.1000003815,0,1,2,2,0
35,2,61,17.1000003815,0,1,2,2,0
35,2,63,17.1000003815,0,1,2,2,0
35,2,49,17.1000003815,0,1,2,2,0
37,2,38,23,0,1,1,2,0
37,2,39,24,0,1,1,2,0
37,2,42,25,0,1,1,2,0
37,2,45,25,0,1,1,2,0
37,2,46,26,0,1,1,2,0
37,2,48,27,0,1,1,2,0
37,2,34,22,0,1,1,2,0
37,2,36,22,0,1,1,2,0
37,2,52,20,0,1,2,2,0
37,2,56,20,0,1,2,2,0
37,2,57,20,0,1,2,2,0
37,2,60,20,0,1,2,2,0
37,2,61,20,0,1,2,2,0
37,2,63,23,0,1,2,2,0
37,2,49,15,0,1,2,2,0
37,2,50,20,0,1,2,2,0
40,2,39,21.7000007629,0,1,1,2,0
40,2,42,23.7999992371,0,1,1,2,0
40,2,45,21.7000007629,0,1,1,2,0
40,2,46,19.6000003815,0,1,1,2,0
40,2,48,17.7000007629,0,1,1,2,0
40,2,34,15.6999998093,0,1,1,2,0
40,2,36,17.7000007629,0,1,1,2,0
40,2,38,19.6000003815,0,1,1,2,0
40,2,56,10,0,0,2,2,0
40,2,57,10.6999998093,0,1,2,2,0
40,2,60,11.6999998093,0,1,2,2,0
40,2,61,13.6999998093,0,1,2,2,0
40,2,63,15.6999998093,0,1,2,2,0
40,2,49,10,0,1,2,2,0
40,2,50,10,0,1,2,2,0
40,2,52,10,0,1,2,2,0
41,2,42,25,0,1,1,2,0
41,2,45,25.1000003815,0,1,1,2,0
41,2,46,25.5,0,1,1,2,0
41,2,48,25.7999992371,0,1,1,2,0
41,2,34,21.7999992371,0,1,1,2,0
41,2,36,22.7999992371,0,1,1,2,0
41,2,38,23.2000007629,0,1,1,2,0
41,2,39,23.7999992371,0,1,1,2,0
41,2,57,25,0,1,2,2,0
41,2,60,25.7999992371,0,1,2,2,0
41,2,61,25.1000003815,0,1,2,2,0
41,2,63,23.2999992371,0,1,2,2,0
41,2,49,21.7999992371,0,1,2,2,0
41,2,50,22.7000007629,0,1,2,2,0
41,2,52,23.1000003815,0,1,2,2,0
41,2,56,23.7999992371,0,1,2,2,0
43,2,45,17,0,1,1,2,0
43,2,46,20,0,1,1,2,0
43,2,48,18,0,1,1,2,0
43,2,34,15,0,1,1,2,0
43,2,36,15,0,1,1,2,0
43,2,38,17,0,1,1,2,0
43,2,39,20,0,1,1,2,0
43,2,42,15,0,1,1,2,0
43,2,60,13.5,0,1,2,2,0
43,2,61,15,0,1,2,2,0
43,2,63,10,0,1,2,2,0
43,2,49,12,0,1,2,2,0
43,2,50,12.5,0,1,2,2,0
43,2,52,15,0,1,2,2,0
43,2,56,15,0,1,2,2,0
43,2,57,12,0,1,2,2,0
44,2,46,10,0,1,1,2,0
44,2,48,10,0,1,1,2,0
44,2,34,10,0,1,1,2,0
44,2,36,10,0,1,1,2,0
44,2,38,10,0,0,1,2,0
44,2,39,10,0,1,1,2,0
44,2,42,10,0,1,1,2,0
44,2,45,10,0,1,1,2,0
44,2,61,10,0,1,2,2,0
44,2,63,10,0,1,2,2,0
44,2,49,10,0,1,2,2,0
44,2,50,10,0,1,2,2,0
44,2,52,10,0,1,2,2,0
44,2,56,10,0,0,2,2,0
44,2,57,10,0,1,2,2,0
44,2,60,10,0,1,2,2,0
47,2,48,15.5,0,1,1,2,0
47,2,34,12.5,0,1,1,2,0
47,2,36,14,0,1,1,2,0
47,2,38,15,0,0,1,2,0
47,2,39,16.5,0,1,1,2,0
47,2,42,17,0,1,1,2,0
47,2,45,13.5,0,1,1,2,0
47,2,46,17,0,1,1,2,0
47,2,63,16.7000007629,0,1,2,2,0
47,2,49,15,0,1,2,2,0
47,2,50,14.5,0,1,2,2,0
47,2,52,17,0,1,2,2,0
47,2,56,15.6999998093,0,1,2,2,0
47,2,57,13.8999996185,0,1,2,2,0
47,2,60,16,0,1,2,2,0
47,2,61,14,0,1,2,2,0
51,2,49,27.3999996185,0,1,1,2,0
51,2,50,27.3999996185,0,1,1,2,0
51,2,52,27.3999996185,0,1,1,2,0
51,2,56,20,0,1,1,2,0
51,2,57,20.3999996185,0,1,1,2,0
51,2,60,20.8999996185,0,1,1,2,0
51,2,61,20,0,1,1,2,0
51,2,63,27.3999996185,0,1,1,2,0
51,2,34,20,0,1,2,2,0
51,2,36,20,0,1,2,2,0
51,2,38,16.5,0,1,2,2,0
51,2,39,22.7000007629,0,1,2,2,0
51,2,42,24.1000003815,0,1,2,2,0
51,2,45,15.6000003815,0,1,2,2,0
51,2,46,20.7000007629,0,1,2,2,0
51,2,48,19.2999992371,0,1,2,2,0
53,2,50,10,0,1,1,2,0
53,2,52,20,0,1,1,2,0
53,2,56,15,0,1,1,2,0
53,2,57,27.5,0,1,1,2,0
53,2,60,19.5,0,1,1,2,0
53,2,61,22,0,1,1,2,0
53,2,63,19.5,0,1,1,2,0
53,2,49,15,0,1,1,2,0
53,2,36,15,0,1,2,2,0
53,2,38,15,0,1,2,2,0
53,2,39,15,0,1,2,2,0
53,2,42,16,0,1,2,2,0
53,2,45,15,0,1,2,2,0
53,2,46,15,0,1,2,2,0
53,2,48,15,0,1,2,2,0
53,2,34,12,0,1,2,2,0
54,2,52,15,0,1,1,2,0
54,2,56,10,0,0,1,2,0
54,2,57,10,0,1,1,2,0
54,2,60,15,0,1,1,2,0
54,2,61,10,0,1,1,2,0
54,2,63,10,0,1,1,2,0
54,2,49,10,0,1,1,2,0
54,2,50,10,0,1,1,2,0
54,2,38,10,0,0,2,2,0
54,2,39,10,0,1,2,2,0
54,2,42,10,0,1,2,2,0
54,2,45,10,0,1,2,2,0
54,2,46,10,0,1,2,2,0
54,2,48,10,0,1,2,2,0
54,2,34,10,0,1,2,2,0
54,2,36,10,0,1,2,2,0
55,2,56,17.5,0,1,1,2,0
55,2,57,18,0,1,1,2,0
55,2,60,18,0,1,1,2,0
55,2,61,18,0,1,1,2,0
55,2,63,18,0,1,1,2,0
55,2,49,17,0,1,1,2,0
55,2,50,18,0,1,1,2,0
55,2,52,18,0,1,1,2,0
55,2,39,18,0,1,2,2,0
55,2,42,18,0,1,2,2,0
55,2,45,18,0,1,2,2,0
55,2,46,18,0,1,2,2,0
55,2,48,18,0,1,2,2,0
55,2,34,18,0,1,2,2,0
55,2,36,18,0,1,2,2,0
55,2,38,18,0,1,2,2,0
58,2,57,14.3000001907,0,1,1,2,0
58,2,60,14.6999998093,0,1,1,2,0
58,2,61,14.3999996185,0,1,1,2,0
58,2,63,14.6000003815,0,1,1,2,0
58,2,49,15,0,1,1,2,0
58,2,50,16.8999996185,0,1,1,2,0
58,2,52,15,0,1,1,2,0
58,2,56,14.8999996185,0,1,1,2,0
58,2,42,14,0,1,2,2,0
58,2,45,13.5,0,1,2,2,0
58,2,46,13.5,0,1,2,2,0
58,2,48,13.3999996185,0,1,2,2,0
58,2,34,13.3999996185,0,1,2,2,0
58,2,36,13.3999996185,0,1,2,2,0
58,2,38,13,0,0,2,2,0
58,2,39,14,0,1,2,2,0
59,2,60,20,0,1,1,2,0
59,2,61,20,0,1,1,2,0
59,2,63,20,0,1,1,2,0
59,2,49,20,0,1,1,2,0
59,2,50,20,0,1,1,2,0
59,2,52,20,0,1,1,2,0
59,2,56,20,0,1,1,2,0
59,2,57,20,0,1,1,2,0
59,2,45,20,0,1,2,2,0
59,2,46,20,0,1,2,2,0
59,2,48,20,0,1,2,2,0
59,2,34,20,0,1,2,2,0
59,2,36,20,0,1,2,2,0
59,2,38,20,0,1,2,2,0
59,2,39,20,0,1,2,2,0
59,2,42,20,0,1,2,2,0
62,2,61,15,0,1,1,2,0
62,2,63,15,0,1,1,2,0
62,2,49,20,0,1,1,2,0
62,2,50,20,0,1,1,2,0
62,2,52,20,0,1,1,2,0
62,2,56,25,0,1,1,2,0
62,2,57,25,0,1,1,2,0
62,2,60,20,0,1,1,2,0
62,2,46,13,0,1,2,2,0
62,2,48,13,0,1,2,2,0
62,2,34,15,0,1,2,2,0
62,2,36,15,0,1,2,2,0
62,2,38,15,0,1,2,2,0
62,2,39,20,0,1,2,2,0
62,2,42,20,0,1,2,2,0
62,2,45,15,0,1,2,2,0
64,2,63,15,0,1,1,2,0
64,2,49,15,0,1,1,2,0
64,2,50,15,0,1,1,2,0
64,2,52,15,0,1,1,2,0
64,2,56,15,0,1,1,2,0
64,2,57,15,0,1,1,2,0
64,2,60,15,0,1,1,2,0
64,2,61,15,0,1,1,2,0
64,2,48,10,0,1,2,2,0
64,2,34,10,0,1,2,2,0
64,2,36,10,0,1,2,2,0
64,2,38,10,0,0,2,2,0
64,2,39,10,0,1,2,2,0
64,2,42,10,0,1,2,2,0
64,2,45,10,0,1,2,2,0
64,2,46,10,0,1,2,2,0
65,3,68,15,0,1,1,2,0
65,3,70,17.5,0,1,1,2,0
65,3,71,20,0,1,1,2,0
65,3,72,22.3999996185,0,1,1,2,0
65,3,74,25,0,1,1,2,0
65,3,75,18.5,0,1,1,2,0
65,3,77,20.7000007629,0,1,1,2,0
65,3,79,23.7000007629,0,1,1,2,0
65,3,80,7.5,0,0,2,2,0
65,3,81,7.5,0,1,2,2,0
65,3,82,7.5,0,0,2,2,0
65,3,83,7.5,0,1,2,2,0
65,3,84,7.5,0,0,2,2,0
65,3,86,7.5,0,0,2,2,0
65,3,88,7.5,0,0,2,2,0
65,3,92,7.5,0,0,2,2,0
66,3,70,3.2000000477,0,0,1,2,0
66,3,71,5,0,1,1,2,0
66,3,72,4.6999998093,0,0,1,2,0
66,3,74,3.4000000954,0,0,1,2,0
66,3,75,4.6999998093,0,1,1,2,0
66,3,77,3.9000000954,0,0,1,2,0
66,3,79,5.5999999046,0,0,1,2,0
66,3,68,9.3999996185,0,1,1,2,0
66,3,81,15.1999998093,0,1,2,2,0
66,3,82,11.3999996185,0,0,2,2,0
66,3,83,11.3000001907,0,1,2,2,0
66,3,84,14.1000003815,0,0,2,2,0
66,3,86,16.6000003815,0,1,2,2,0
66,3,88,17,0,1,2,2,0
66,3,92,17,0,1,2,2,0
66,3,80,16.7000007629,0,1,2,2,0
67,3,71,5,0,1,1,2,0
67,3,72,5,0,0,1,2,0
67,3,74,5,0,0,1,2,0
67,3,75,5,0,1,1,2,0
67,3,77,5,0,0,1,2,0
67,3,79,5,0,0,1,2,0
67,3,68,5,0,1,1,2,0
67,3,70,5,0,0,1,2,0
67,3,82,11,0,0,2,2,0
67,3,83,11,0,1,2,2,0
67,3,84,11,0,0,2,2,0
67,3,86,11,0,0,2,2,0
67,3,88,11,0,0,2,2,0
67,3,92,11,0,0,2,2,0
67,3,80,11,0,0,2,2,0
67,3,81,11,0,1,2,2,0
69,3,72,27.8999996185,0,1,1,2,0
69,3,74,26.8999996185,0,1,1,2,0
69,3,75,26.3999996185,0,1,1,2,0
69,3,77,27.2000007629,0,1,1,2,0
69,3,79,26.7999992371,0,1,1,2,0
69,3,68,26.7999992371,0,1,1,2,0
69,3,70,27.1000003815,0,1,1,2,0
69,3,71,28.2999992371,0,1,1,2,0
69,3,83,25.8999996185,0,1,2,2,0
69,3,84,26.2000007629,0,1,2,2,0
69,3,86,26.2000007629,0,1,2,2,0
69,3,88,26.2999992371,0,1,2,2,0
69,3,92,26.2999992371,0,1,2,2,0
69,3,80,25.8999996185,0,1,2,2,0
69,3,81,25.8999996185,0,1,2,2,0
69,3,82,25.7999992371,0,1,2,2,0
73,3,74,19.8999996185,0,0,1,2,0
73,3,75,16.7999992371,0,1,1,2,0
73,3,77,15.8999996185,0,1,1,2,0
73,3,79,24.8999996185,0,1,1,2,0
73,3,68,20,0,1,1,2,0
73,3,70,19,0,1,1,2,0
73,3,71,18,0,1,1,2,0
73,3,72,16.8999996185,0,1,1,2,0
73,3,84,16.8999996185,0,0,2,2,0
73,3,86,17.5,0,1,2,2,0
73,3,88,17.2999992371,0,1,2,2,0
73,3,92,17.7000007629,0,1,2,2,0
73,3,80,17.1000003815,0,1,2,2,0
73,3,81,17,0,1,2,2,0
73,3,82,17,0,1,2,2,0
73,3,83,17,0,1,2,2,0
76,3,75,15,0,1,1,2,0
76,3,77,15,0,1,1,2,0
76,3,79,15,0,1,1,2,0
76,3,68,15,0,1,1,2,0
76,3,70,15,0,1,1,2,0
76,3,71,15,0,1,1,2,0
76,3,72,15,0,1,1,2,0
76,3,74,15,0,0,1,2,0
76,3,86,20,0,1,2,2,0
76,3,88,20,0,1,2,2,0
76,3,92,20,0,1,2,2,0
76,3,80,20,0,1,2,2,0
76,3,81,20,0,1,2,2,0
76,3,82,20,0,1,2,2,0
76,3,83,20,0,1,2,2,0
76,3,84,20,0,1,2,2,0
78,3,77,19,0,1,1,2,0
78,3,79,20,0,1,1,2,0
78,3,68,17,0,1,1,2,0
78,3,70,15,0,1,1,2,0
78,3,71,20,0,1,1,2,0
78,3,72,20,0,1,1,2,0
78,3,74,20,0,0,1,2,0
78,3,75,20,0,1,1,2,0
78,3,88,20,0,1,2,2,0
78,3,92,20,0,1,2,2,0
78,3,80,20,0,1,2,2,0
78,3,81,20,0,1,2,2,0
78,3,82,20,0,1,2,2,0
78,3,83,20,0,1,2,2,0
78,3,84,20,0,1,2,2,0
78,3,86,20,0,1,2,2,0
85,3,79,20,0,1,1,2,0
85,3,68,22.5,0,1,1,2,0
85,3,70,22.5,0,1,1,2,0
85,3,71,23,0,1,1,2,0
85,3,72,20,0,1,1,2,0
85,3,74,22,0,0,1,2,0
85,3,75,20,0,1,1,2,0
85,3,77,21,0,1,1,2,0
85,3,92,16,0,0,2,2,0
85,3,80,18,0,1,2,2,0
85,3,81,17,0,1,2,2,0
85,3,82,17,0,1,2,2,0
85,3,83,20,0,1,2,2,0
85,3,84,16,0,0,2,2,0
85,3,86,15,0,1,2,2,0
85,3,88,17.5,0,1,2,2,0
87,3,80,16.7000007629,0,0,1,2,0
87,3,81,18.6000003815,0,1,1,2,0
87,3,82,16.8999996185,0,0,1,2,0
87,3,83,18.3999996185,0,1,1,2,0
87,3,84,19,0,1,1,2,0
87,3,86,17.3999996185,0,1,1,2,0
87,3,88,17.8999996185,0,1,1,2,0
87,3,92,17.6000003815,0,1,1,2,0
87,3,68,17.6000003815,0,1,2,2,0
87,3,70,17.3999996185,0,1,2,2,0
87,3,71,17,0,1,2,2,0
87,3,72,17.7000007629,0,1,2,2,0
87,3,74,17.5,0,0,2,2,0
87,3,75,17.3999996185,0,1,2,2,0
87,3,77,17.5,0,1,2,2,0
87,3,79,17.8999996185,0,1,2,2,0
89,3,81,15,0,1,1,2,0
89,3,82,2,0,0,1,2,0
89,3,83,18,0,1,1,2,0
89,3,84,8,0,0,1,2,0
89,3,86,18,0,1,1,2,0
89,3,88,13,0,0,1,2,0
89,3,92,19.8999996185,0,1,1,2,0
89,3,80,10,0,0,1,2,0
89,3,70,19,0,1,2,2,0
89,3,71,18,0,1,2,2,0
89,3,72,19,0,1,2,2,0
89,3,74,19,0,0,2,2,0
89,3,75,18,0,1,2,2,0
89,3,77,20,0,1,2,2,0
89,3,79,19,0,1,2,2,0
89,3,68,18,0,1,2,2,0
90,3,82,2,0,0,1,2,0
90,3,83,20,0,1,1,2,0
90,3,84,2,0,0,1,2,0
90,3,86,10,0,0,1,2,0
90,3,88,15,0,0,1,2,0
90,3,92,27.5,0,1,1,2,0
90,3,80,10,0,0,1,2,0
90,3,81,27.5,0,1,1,2,0
90,3,71,20,0,1,2,2,0
90,3,72,20,0,1,2,2,0
90,3,74,20,0,1,2,2,0
90,3,75,20,0,1,2,2,0
90,3,77,20,0,1,2,2,0
90,3,79,20,0,1,2,2,0
90,3,68,20,0,1,2,2,0
90,3,70,20,0,1,2,2,0
91,3,83,20,0,1,1,2,0
91,3,84,20,0,1,1,2,0
91,3,86,20,0,1,1,2,0
91,3,88,20,0,1,1,2,0
91,3,92,10,0,0,1,2,0
91,3,80,15,0,0,1,2,0
91,3,81,15,0,1,1,2,0
91,3,82,15,0,1,1,2,0
91,3,72,20,0,1,2,2,0
91,3,74,20,0,1,2,2,0
91,3,75,20,0,1,2,2,0
91,3,77,15,0,1,2,2,0
91,3,79,15,0,1,2,2,0
91,3,68,20,0,1,2,2,0
91,3,70,20,0,1,2,2,0
91,3,71,20,0,1,2,2,0
93,3,84,20,0,1,1,2,0
93,3,86,10,0,0,1,2,0
93,3,88,15,0,1,1,2,0
93,3,92,20,0,1,1,2,0
93,3,80,15,0,0,1,2,0
93,3,81,20,0,1,1,2,0
93,3,82,10,0,0,1,2,0
93,3,83,15,0,1,1,2,0
93,3,74,16,0,0,2,2,0
93,3,75,16,0,1,2,2,0
93,3,77,16,0,1,2,2,0
93,3,79,16,0,1,2,2,0
93,3,68,16,0,1,2,2,0
93,3,70,16,0,1,2,2,0
93,3,71,16,0,1,2,2,0
93,3,72,16,0,1,2,2,0
94,3,86,15,0,1,1,2,0
94,3,88,20,0,1,1,2,0
94,3,92,15.5,0,1,1,2,0
94,3,80,20,0,1,1,2,0
94,3,81,15,0,1,1,2,0
94,3,82,20,0,1,1,2,0
94,3,83,15,0,1,1,2,0
94,3,84,12,0,0,1,2,0
94,3,75,15,0,1,2,2,0
94,3,77,15,0,1,2,2,0
94,3,79,15,0,1,2,2,0
94,3,68,15,0,1,2,2,0
94,3,70,15,0,1,2,2,0
94,3,71,15,0,1,2,2,0
94,3,72,15,0,1,2,2,0
94,3,74,15,0,0,2,2,0
95,3,88,4,0,0,1,2,0
95,3,92,4,0,0,1,2,0
95,3,80,4,0,0,1,2,0
95,3,81,4,0,1,1,2,0
95,3,82,4,0,0,1,2,0
95,3,83,4,0,1,1,2,0
95,3,84,4,0,0,1,2,0
95,3,86,4,0,0,1,2,0
95,3,77,5,0,0,2,2,0
95,3,79,5.0999999046,0,0,2,2,0
95,3,68,5,0,1,2,2,0
95,3,70,5,0,0,2,2,0
95,3,71,5,0,1,2,2,0
95,3,72,5.0999999046,0,0,2,2,0
95,3,74,5,0,0,2,2,0
95,3,75,5,0,1,2,2,0
96,3,92,20,0,1,1,2,0
96,3,80,20,0,1,1,2,0
96,3,81,17,0,1,1,2,0
96,3,82,20,0,1,1,2,0
96,3,83,24,0,1,1,2,0
96,3,84,25,0,1,1,2,0
96,3,86,22,0,1,1,2,0
96,3,88,16,0,1,1,2,0
96,3,79,15,0,1,2,2,0
96,3,68,15,0,1,2,2,0
96,3,70,16,0,1,2,2,0
96,3,71,17,0,1,2,2,0
96,3,72,15,0,1,2,2,0
96,3,74,15,0,0,2,2,0
96,3,75,16,0,1,2,2,0
96,3,77,17,0,1,2,2,0
97,4,98,25,0,1,1,2,0
97,4,100,25,0,1,1,2,0
97,4,101,25,0,1,1,2,0
97,4,102,25,0,1,1,2,0
97,4,103,25,0,1,1,2,0
97,4,104,25,0,1,1,2,0
97,4,111,25,0,1,1,2,0
97,4,112,25,0,1,2,2,0
97,4,116,25,0,1,2,2,0
97,4,118,25,0,1,2,2,0
97,4,120,25,0,1,2,2,0
97,4,122,25,0,1,2,2,0
97,4,124,25,0,1,2,2,0
97,4,125,25,0,1,2,2,0
99,4,100,20,0,1,1,2,0
99,4,101,20,0,1,1,2,0
99,4,102,21,0,1,1,2,0
99,4,103,21,0,1,1,2,0
99,4,104,21,0,1,1,2,0
99,4,111,23,0,1,1,2,0
99,4,98,19,0,1,1,2,0
99,4,116,16,0,1,2,2,0
99,4,118,16,0,1,2,2,0
99,4,120,17,0,0,2,2,0
99,4,122,17,0,1,2,2,0
99,4,124,15,0,1,2,2,0
99,4,125,18,0,1,2,2,0
99,4,112,15,0,1,2,2,0
105,4,101,16,0,1,1,2,0
105,4,102,16,0,1,1,2,0
105,4,103,16,0,1,1,2,0
105,4,104,16,0,1,1,2,0
105,4,111,16,0,1,1,2,0
105,4,98,16,0,1,1,2,0
105,4,100,16,0,1,1,2,0
105,4,118,15,0,1,2,2,0
105,4,120,15,0,0,2,2,0
105,4,122,15,0,1,2,2,0
105,4,124,15,0,1,2,2,0
105,4,125,15,0,1,2,2,0
105,4,112,15,0,1,2,2,0
105,4,116,15,0,1,2,2,0
106,4,102,27,0,1,1,2,0
106,4,103,27,0,1,1,2,0
106,4,104,27,0,1,1,2,0
106,4,111,27,0,1,1,2,0
106,4,98,27,0,1,1,2,0
106,4,100,27,0,1,1,2,0
106,4,101,27,0,1,1,2,0
106,4,120,25,0,1,2,2,0
106,4,122,25,0,1,2,2,0
106,4,124,25,0,1,2,2,0
106,4,125,25,0,1,2,2,0
106,4,112,24,0,1,2,2,0
106,4,116,25,0,1,2,2,0
106,4,118,25,0,1,2,2,0
107,4,103,18,0,1,1,2,0
107,4,104,23,0,1,1,2,0
107,4,111,25,0,1,1,2,0
107,4,98,18,0,1,1,2,0
107,4,100,20,0,1,1,2,0
107,4,101,18,0,1,1,2,0
107,4,102,20,0,1,1,2,0
107,4,122,16,0,1,2,2,0
107,4,124,16,0,1,2,2,0
107,4,125,18,0,1,2,2,0
107,4,112,18,0,1,2,2,0
107,4,116,16,0,1,2,2,0
107,4,118,16,0,1,2,2,0
107,4,120,16,0,0,2,2,0
109,4,104,10.8999996185,0,0,1,2,0
109,4,111,14.8999996185,0,1,1,2,0
109,4,98,10,0,1,1,2,0
109,4,100,10,0,1,1,2,0
109,4,101,10.3000001907,0,1,1,2,0
109,4,102,10.6999998093,0,1,1,2,0
109,4,103,10.8000001907,0,0,1,2,0
109,4,124,15.8999996185,0,1,2,2,0
109,4,125,15.8999996185,0,1,2,2,0
109,4,112,13,0,1,2,2,0
109,4,116,14.8999996185,0,1,2,2,0
109,4,118,15,0,1,2,2,0
109,4,120,15,0,0,2,2,0
109,4,122,15,0,1,2,2,0
113,4,111,23.5,0,1,1,2,0
113,4,98,25.5,0,1,1,2,0
113,4,100,29,0,1,1,2,0
113,4,101,22,0,1,1,2,0
113,4,102,26,0,1,1,2,0
113,4,103,20,0,1,1,2,0
113,4,104,27,0,1,1,2,0
113,4,125,19.2000007629,0,1,2,2,0
113,4,112,20.7000007629,0,1,2,2,0
113,4,116,19,0,1,2,2,0
113,4,118,23,0,1,2,2,0
113,4,120,18,0,0,2,2,0
113,4,122,21.7999992371,0,1,2,2,0
113,4,124,19,0,1,2,2,0
114,4,112,21.1000003815,0,1,1,2,0
114,4,116,21,0,1,1,2,0
114,4,118,21,0,1,1,2,0
114,4,120,21,0,1,1,2,0
114,4,122,21,0,1,1,2,0
114,4,124,21,0,1,1,2,0
114,4,125,21,0,1,1,2,0
114,4,98,19,0,1,2,2,0
114,4,100,19,0,1,2,2,0
114,4,101,19,0,1,2,2,0
114,4,102,19,0,1,2,2,0
114,4,103,19,0,1,2,2,0
114,4,104,13,0,1,2,2,0
114,4,111,19,0,1,2,2,0
115,4,116,27.5,0,1,1,2,0
115,4,118,27.5,0,1,1,2,0
115,4,120,27.5,0,1,1,2,0
115,4,122,27.5,0,1,1,2,0
115,4,124,27.5,0,1,1,2,0
115,4,125,27.5,0,1,1,2,0
115,4,112,27.5,0,1,1,2,0
115,4,100,27.5,0,1,2,2,0
115,4,101,27.5,0,1,2,2,0
115,4,102,27.5,0,1,2,2,0
115,4,103,27.5,0,1,2,2,0
115,4,104,27.5,0,1,2,2,0
115,4,111,27.5,0,1,2,2,0
115,4,98,27.5,0,1,2,2,0
117,4,118,5,0,0,1,2,0
117,4,120,5,0,0,1,2,0
117,4,122,5,0,0,1,2,0
117,4,124,5,0,1,1,2,0
117,4,125,5,0,0,1,2,0
117,4,112,5,0,0,1,2,0
117,4,116,5,0,0,1,2,0
117,4,101,10,0,1,2,2,0
117,4,102,10,0,1,2,2,0
117,4,103,10,0,1,2,2,0
117,4,104,10,0,0,2,2,0
117,4,111,10,0,1,2,2,0
117,4,98,10,0,1,2,2,0
117,4,100,10,0,1,2,2,0
119,4,120,17.5,0,0,1,2,0
119,4,122,16.7000007629,0,1,1,2,0
119,4,124,17,0,1,1,2,0
119,4,125,17,0,1,1,2,0
119,4,112,17,0,1,1,2,0
119,4,116,17,0,1,1,2,0
119,4,118,16.5,0,1,1,2,0
119,4,102,16.8999996185,0,1,2,2,0
119,4,103,16.8999996185,0,1,2,2,0
119,4,104,17.1000003815,0,1,2,2,0
119,4,111,17.1000003815,0,1,2,2,0
119,4,98,16.8999996185,0,1,2,2,0
119,4,100,17.2999992371,0,1,2,2,0
119,4,101,17,0,1,2,2,0
121,4,122,20,0,1,1,2,0
121,4,124,20,0,1,1,2,0
121,4,125,20,0,1,1,2,0
121,4,112,20,0,1,1,2,0
121,4,116,22,0,1,1,2,0
121,4,118,22,0,1,1,2,0
121,4,120,20,0,1,1,2,0
121,4,103,15,0,1,2,2,0
121,4,104,15,0,1,2,2,0
121,4,111,15,0,1,2,2,0
121,4,98,15,0,1,2,2,0
121,4,100,15,0,1,2,2,0
121,4,101,15,0,1,2,2,0
121,4,102,15,0,1,2,2,0
123,4,124,15,0,1,1,2,0
123,4,125,20,0,1,1,2,0
123,4,112,5,0,0,1,2,0
123,4,116,5,0,0,1,2,0
123,4,118,10,0,0,1,2,0
123,4,120,10,0,0,1,2,0
123,4,122,15,0,1,1,2,0
123,4,104,15,0,1,2,2,0
123,4,111,15,0,1,2,2,0
123,4,98,15,0,1,2,2,0
123,4,100,15,0,1,2,2,0
123,4,101,15,0,1,2,2,0
123,4,102,15,0,1,2,2,0
123,4,103,15,0,1,2,2,0
126,4,125,27.5,0,1,1,2,0
126,4,112,27.5,0,1,1,2,0
126,4,116,27.5,0,1,1,2,0
126,4,118,27.5,0,1,1,2,0
126,4,120,27.5,0,1,1,2,0
126,4,122,27.5,0,1,1,2,0
126,4,124,27.5,0,1,1,2,0
126,4,111,27.5,0,1,2,2,0
126,4,98,27.5,0,1,2,2,0
126,4,100,27.5,0,1,2,2,0
126,4,101,27.5,0,1,2,2,0
126,4,102,27.5,0,1,2,2,0
126,4,103,27.5,0,1,2,2,0
126,4,104,27.5,0,1,2,2,0
136,1,149,22,0,1,1,2,1
136,1,146,23,0,0,1,2,1
136,1,140,22,0,1,1,2,1
136,1,141,20,0,0,1,2,1
136,1,150,22,0,0,1,2,1
136,1,139,22,0,0,1,2,1
129,1,149,15,0,0,1,2,1
129,1,146,10,0,0,1,2,1
129,1,140,18,0,1,1,2,1
129,1,141,15,0,0,1,2,1
129,1,150,17,0,0,1,2,1
129,1,139,15,0,0,1,2,1
134,1,142,25,0,1,1,2,1
134,1,144,26,0,1,1,2,1
134,1,147,27,0,1,1,2,1
134,1,145,28,0,1,1,2,1
134,1,143,29,0,1,1,2,1
134,1,148,27,0,1,1,2,1
128,1,142,10,0,0,1,2,1
128,1,144,15,0,1,1,2,1
128,1,147,10,0,1,1,2,1
128,1,145,20,0,0,1,2,1
128,1,143,10,0,1,1,2,1
128,1,148,30,0,1,1,2,1
138,1,142,15,0,0,1,2,1
138,1,144,20,0,1,1,2,1
138,1,147,25,0,1,1,2,1
138,1,145,30,0,1,1,2,1
138,1,143,35,0,1,1,2,1
138,1,148,30,0,1,1,2,1
130,1,149,30,0,1,1,2,1
130,1,146,30,0,0,1,2,1
130,1,140,30,0,1,1,2,1
130,1,141,30,0,1,1,2,1
130,1,150,30,0,1,1,2,1
130,1,139,30,0,1,1,2,1
133,1,149,22,0,1,1,2,1
133,1,146,20,0,0,1,2,1
133,1,140,22,0,1,1,2,1
133,1,141,25,0,1,1,2,1
133,1,150,24,0,0,1,2,1
133,1,139,26,0,0,1,2,1
137,1,142,20,0,1,1,2,1
137,1,144,20,0,1,1,2,1
137,1,147,20,0,1,1,2,1
137,1,145,20,0,0,1,2,1
137,1,143,20,0,1,1,2,1
137,1,148,20,0,1,1,2,1
131,1,149,30,0,1,1,2,1
131,1,146,35,0,1,1,2,1
131,1,140,30,0,1,1,2,1
131,1,141,28,0,1,1,2,1
131,1,150,25,0,1,1,2,1
131,1,139,27,0,0,1,2,1
127,1,142,10,0,0,1,2,1
127,1,144,15,0,1,1,2,1
127,1,147,20,0,1,1,2,1
127,1,145,25,0,1,1,2,1
127,1,143,25,0,1,1,2,1
127,1,148,15,0,1,1,2,1
132,1,142,15,0,0,1,2,1
132,1,144,15,0,1,1,2,1
132,1,147,15,0,1,1,2,1
132,1,145,20,0,1,1,2,1
132,1,143,20,0,1,1,2,1
132,1,148,25,0,1,1,2,1
135,1,149,28,0,1,1,2,1
135,1,146,27,0,0,1,2,1
135,1,140,26,0,1,1,2,1
135,1,141,25,0,1,1,2,1
135,1,150,24,0,0,1,2,1
135,1,139,23,0,0,1,2,1
136,1,145,22,0,1,2,2,1
136,1,144,22,0,1,2,2,1
136,1,147,23,0,1,2,2,1
136,1,142,23,0,1,2,2,1
136,1,143,23,0,1,2,2,1
136,1,148,23,0,1,2,2,1
137,1,146,20,0,0,2,2,1
137,1,150,20,0,1,2,2,1
137,1,149,20,0,1,2,2,1
137,1,140,20,0,1,2,2,1
137,1,139,20,0,0,2,2,1
137,1,141,20,0,1,2,2,1
130,1,145,30,0,1,2,2,1
130,1,144,30,0,1,2,2,1
130,1,147,30,0,1,2,2,1
130,1,142,30,0,1,2,2,1
130,1,143,30,0,1,2,2,1
130,1,148,30,0,1,2,2,1
132,1,146,15,0,0,2,2,1
132,1,150,16,0,0,2,2,1
132,1,149,17,0,0,2,2,1
132,1,140,18,0,1,2,2,1
132,1,139,19,0,0,2,2,1
132,1,141,20,0,0,2,2,1
129,1,145,18,0,0,2,2,1
129,1,144,18,0,1,2,2,1
129,1,147,17,0,1,2,2,1
129,1,142,17,0,1,2,2,1
129,1,143,15,0,1,2,2,1
129,1,148,15,0,1,2,2,1
128,1,146,30,0,1,2,2,1
128,1,150,35,0,1,2,2,1
128,1,149,45,0,1,2,2,1
128,1,140,25,0,1,2,2,1
128,1,139,40,0,1,2,2,1
128,1,141,45,0,1,2,2,1
138,1,146,5,0,0,2,2,1
138,1,150,10,0,0,2,2,1
138,1,149,15,0,0,2,2,1
138,1,140,20,0,1,2,2,1
138,1,139,25,0,1,2,2,1
138,1,141,25,0,1,2,2,1
133,1,145,22,0,1,2,2,1
133,1,144,23,0,1,2,2,1
133,1,147,24,0,1,2,2,1
133,1,142,25,0,1,2,2,1
133,1,143,26,0,1,2,2,1
133,1,148,28,0,1,2,2,1
134,1,146,25,0,1,2,2,1
134,1,150,26,0,1,2,2,1
134,1,149,26,0,1,2,2,1
134,1,140,26,0,1,2,2,1
134,1,139,27,0,1,2,2,1
134,1,141,27,0,1,2,2,1
135,1,145,30,0,1,2,2,1
135,1,144,29,0,1,2,2,1
135,1,147,28,0,1,2,2,1
135,1,142,27,0,1,2,2,1
135,1,143,26,0,1,2,2,1
135,1,148,25,0,1,2,2,1
131,1,145,28,0,1,2,2,1
131,1,144,29,0,1,2,2,1
131,1,147,27,0,1,2,2,1
131,1,142,30,0,1,2,2,1
131,1,143,31,0,1,2,2,1
131,1,148,28,0,1,2,2,1
127,1,146,15,0,0,2,2,1
127,1,150,20,0,1,2,2,1
127,1,149,25,0,1,2,2,1
127,1,140,20,0,1,2,2,1
127,1,139,15,0,0,2,2,1
127,1,141,15,0,0,2,2,1
163,1,174,25,0,1,1,3,1
163,1,178,25,0,1,1,3,1
163,1,170,25,0,1,1,3,1
163,1,179,25,0,1,1,3,1
163,1,172,25,0,1,1,3,1
158,1,168,15,0,1,1,3,1
158,1,173,20,0,1,1,3,1
158,1,166,23,0,1,1,3,1
158,1,177,10,0,0,1,3,1
158,1,169,30,0,1,1,3,1
164,1,174,5,0,0,1,3,1
164,1,178,10,0,0,1,3,1
164,1,170,5,0,0,1,3,1
164,1,179,10,0,0,1,3,1
164,1,172,5,0,0,1,3,1
154,1,174,0,0,0,1,3,1
154,1,178,5,0,0,1,3,1
154,1,170,0,0,0,1,3,1
154,1,179,5,0,0,1,3,1
154,1,172,7,0,0,1,3,1
162,1,180,30,0,1,1,3,1
162,1,176,30,0,1,1,3,1
162,1,171,30,0,1,1,3,1
162,1,175,30,0,1,1,3,1
162,1,167,30,0,1,1,3,1
152,1,174,25,0,1,1,3,1
152,1,178,25,0,1,1,3,1
152,1,170,25,0,1,1,3,1
152,1,179,25,0,1,1,3,1
152,1,172,25,0,1,1,3,1
157,1,168,1,0,0,1,3,1
157,1,173,5,0,0,1,3,1
157,1,166,7,0,0,1,3,1
157,1,177,4,0,0,1,3,1
157,1,169,10,0,0,1,3,1
165,1,168,26,0,1,1,3,1
165,1,173,27,0,1,1,3,1
165,1,166,28,0,1,1,3,1
165,1,177,29,0,1,1,3,1
165,1,169,30,0,1,1,3,1
153,1,168,28,0,1,1,3,1
153,1,173,27,0,1,1,3,1
153,1,166,26,0,1,1,3,1
153,1,177,29,0,1,1,3,1
153,1,169,28,0,1,1,3,1
151,1,180,12,0,0,1,3,1
151,1,176,17,0,0,1,3,1
151,1,171,21,0,1,1,3,1
151,1,175,21,0,1,1,3,1
151,1,167,25,0,1,1,3,1
160,1,180,5,0,0,1,3,1
160,1,176,5,0,0,1,3,1
160,1,171,5,0,0,1,3,1
160,1,175,5,0,1,1,3,1
160,1,167,5,0,1,1,3,1
161,1,180,15,0,1,1,3,1
161,1,176,27,0,1,1,3,1
161,1,171,38,0,1,1,3,1
161,1,175,35,0,1,1,3,1
161,1,167,15,0,1,1,3,1
155,1,180,20,0,1,1,3,1
155,1,176,25,0,1,1,3,1
155,1,171,25,0,1,1,3,1
155,1,175,27,0,1,1,3,1
155,1,167,27,0,1,1,3,1
156,1,168,31,0,1,1,3,1
156,1,173,31,0,1,1,3,1
156,1,166,31,0,1,1,3,1
156,1,177,31,0,1,1,3,1
156,1,169,31,0,1,1,3,1
159,1,174,49,0,1,1,3,1
159,1,178,25,0,1,1,3,1
159,1,170,8,0,0,1,3,1
159,1,179,30,0,1,1,3,1
159,1,172,25,0,1,1,3,1
154,1,177,20,0,0,2,3,1
154,1,168,20,0,1,2,3,1
154,1,169,20,0,0,2,3,1
154,1,173,20,0,1,2,3,1
154,1,166,20,0,1,2,3,1
163,1,177,25,0,1,2,3,1
163,1,168,25,0,1,2,3,1
163,1,169,25,0,1,2,3,1
163,1,173,25,0,1,2,3,1
163,1,166,25,0,1,2,3,1
162,1,178,30,0,1,2,3,1
162,1,179,30,0,1,2,3,1
162,1,172,30,0,1,2,3,1
162,1,174,30,0,1,2,3,1
162,1,170,30,0,1,2,3,1
165,1,167,25,0,1,2,3,1
165,1,176,26,0,1,2,3,1
165,1,175,27,0,1,2,3,1
165,1,171,28,0,1,2,3,1
165,1,180,29,0,1,2,3,1
164,1,177,15,0,0,2,3,1
164,1,168,20,0,1,2,3,1
164,1,169,15,0,0,2,3,1
164,1,173,10,0,1,2,3,1
164,1,166,20,0,1,2,3,1
153,1,167,27,0,1,2,3,1
153,1,176,27,0,1,2,3,1
153,1,175,26,0,1,2,3,1
153,1,171,26,0,1,2,3,1
153,1,180,26,0,1,2,3,1
152,1,177,25,0,1,2,3,1
152,1,168,25,0,1,2,3,1
152,1,169,25,0,1,2,3,1
152,1,173,25,0,1,2,3,1
152,1,166,25,0,1,2,3,1
157,1,167,7,0,0,2,3,1
157,1,176,8,0,0,2,3,1
157,1,175,9,0,1,2,3,1
157,1,171,10,0,0,2,3,1
157,1,180,13,0,1,2,3,1
156,1,167,26,0,1,2,3,1
156,1,176,27,0,1,2,3,1
156,1,175,28,0,1,2,3,1
156,1,171,29,0,1,2,3,1
156,1,180,30,0,1,2,3,1
158,1,167,20,0,0,2,3,1
158,1,176,15,0,0,2,3,1
158,1,175,15,0,1,2,3,1
158,1,171,20,0,1,2,3,1
158,1,180,27,0,1,2,3,1
155,1,178,15,0,1,2,3,1
155,1,179,17,0,0,2,3,1
155,1,172,20,0,1,2,3,1
155,1,174,20,0,0,2,3,1
155,1,170,25,0,0,2,3,1
161,1,178,15,0,1,2,3,1
161,1,179,27,0,1,2,3,1
161,1,172,38,0,1,2,3,1
161,1,174,35,0,1,2,3,1
161,1,170,20,0,0,2,3,1
159,1,177,20,0,1,2,3,1
159,1,168,15,0,1,2,3,1
159,1,169,25,0,1,2,3,1
159,1,173,27,0,1,2,3,1
159,1,166,24,0,1,2,3,1
151,1,178,19,0,1,2,3,1
151,1,179,24,0,0,2,3,1
151,1,172,18,0,0,2,3,1
151,1,174,26,0,1,2,3,1
151,1,170,21,0,0,2,3,1
160,1,178,8.9899997711,0,0,2,3,1
160,1,179,7.9899997711,0,0,2,3,1
160,1,172,8.5,0,0,2,3,1
160,1,174,10,0,0,2,3,1
160,1,170,8,0,0,2,3,1
153,1,178,25,0,1,3,3,1
153,1,174,25,0,1,3,3,1
153,1,172,25,0,1,3,3,1
153,1,170,25,0,0,3,3,1
153,1,179,25,0,1,3,3,1
164,1,167,15,0,1,3,3,1
164,1,175,10,0,1,3,3,1
164,1,176,10,0,0,3,3,1
164,1,171,10,0,0,3,3,1
164,1,180,15,0,1,3,3,1
163,1,167,25,0,1,3,3,1
163,1,175,25,0,1,3,3,1
163,1,176,25,0,1,3,3,1
163,1,171,25,0,1,3,3,1
163,1,180,25,0,1,3,3,1
154,1,167,20,0,1,3,3,1
154,1,175,20,0,1,3,3,1
154,1,176,20,0,1,3,3,1
154,1,171,20,0,1,3,3,1
154,1,180,20,0,1,3,3,1
152,1,167,25,0,1,3,3,1
152,1,175,25,0,1,3,3,1
152,1,176,25,0,1,3,3,1
152,1,171,25,0,1,3,3,1
152,1,180,25,0,1,3,3,1
160,1,173,15,0,1,3,3,1
160,1,177,15,0,0,3,3,1
160,1,166,15,0,0,3,3,1
160,1,169,15,0,0,3,3,1
160,1,168,15,0,1,3,3,1
151,1,173,18,0,1,3,3,1
151,1,177,19,0,0,3,3,1
151,1,166,20,0,1,3,3,1
151,1,169,21,0,1,3,3,1
151,1,168,30,0,1,3,3,1
156,1,178,26,0,1,3,3,1
156,1,174,26,0,1,3,3,1
156,1,172,26,0,1,3,3,1
156,1,170,26,0,1,3,3,1
156,1,179,26,0,1,3,3,1
165,1,178,24,0,1,3,3,1
165,1,174,25,0,1,3,3,1
165,1,172,25,0,1,3,3,1
165,1,170,20,0,0,3,3,1
165,1,179,25,0,1,3,3,1
157,1,178,9,0,0,3,3,1
157,1,174,10,0,0,3,3,1
157,1,172,11,0,0,3,3,1
157,1,170,13,0,0,3,3,1
157,1,179,15,0,0,3,3,1
158,1,178,22,0,1,3,3,1
158,1,174,25,0,1,3,3,1
158,1,172,27,0,1,3,3,1
158,1,170,25,0,0,3,3,1
158,1,179,26,0,1,3,3,1
155,1,173,20,0,1,3,3,1
155,1,177,20,0,1,3,3,1
155,1,166,20,0,1,3,3,1
155,1,169,25,0,1,3,3,1
155,1,168,25,0,1,3,3,1
162,1,173,25,0,1,3,3,1
162,1,177,25,0,1,3,3,1
162,1,166,25,0,1,3,3,1
162,1,169,25,0,1,3,3,1
162,1,168,30,0,1,3,3,1
161,1,173,15,0,1,3,3,1
161,1,177,22,0,1,3,3,1
161,1,166,25,0,1,3,3,1
161,1,169,20,0,1,3,3,1
161,1,168,30,0,1,3,3,1
159,1,167,18,0,1,3,3,1
159,1,175,19,0,1,3,3,1
159,1,176,20,0,1,3,3,1
159,1,171,20,0,1,3,3,1
159,1,180,23,0,1,3,3,1
188,3,201,27,0,1,1,3,1
188,3,203,28,0,1,1,3,1
188,3,198,29,0,1,1,3,1
188,3,197,30,0,1,1,3,1
188,3,209,31,0,0,1,3,1
192,3,204,25,0,1,1,3,1
192,3,210,20,0,1,1,3,1
192,3,206,25,0,1,1,3,1
192,3,207,20,0,0,1,3,1
192,3,208,20,0,1,1,3,1
195,3,196,15,0,1,1,3,1
195,3,200,25,0,1,1,3,1
195,3,199,35,0,1,1,3,1
195,3,205,20,0,1,1,3,1
195,3,202,30,0,1,1,3,1
194,3,196,25,0,1,1,3,1
194,3,200,25,0,1,1,3,1
194,3,199,27,0,1,1,3,1
194,3,205,28,0,1,1,3,1
194,3,202,24,0,0,1,3,1
187,3,201,27,0,1,1,3,1
187,3,203,27,0,1,1,3,1
187,3,198,27,0,1,1,3,1
187,3,197,27,0,1,1,3,1
187,3,209,27,0,1,1,3,1
183,3,201,10,0,0,1,3,1
183,3,203,15,0,1,1,3,1
183,3,198,20,0,0,1,3,1
183,3,197,25,0,1,1,3,1
183,3,209,30,0,0,1,3,1
184,3,204,10,0,0,1,3,1
184,3,210,10,0,0,1,3,1
184,3,206,20,0,0,1,3,1
184,3,207,25,0,1,1,3,1
184,3,208,25,0,1,1,3,1
182,3,201,2,0,0,1,3,1
182,3,203,2,0,0,1,3,1
182,3,198,2,0,0,1,3,1
182,3,197,2,0,0,1,3,1
182,3,209,2,0,0,1,3,1
185,3,204,20,0,1,1,3,1
185,3,210,25,0,1,1,3,1
185,3,206,30,0,1,1,3,1
185,3,207,25,0,1,1,3,1
185,3,208,20,0,1,1,3,1
193,3,204,25,0,1,1,3,1
193,3,210,25,0,1,1,3,1
193,3,206,25,0,1,1,3,1
193,3,207,25,0,1,1,3,1
193,3,208,25,0,1,1,3,1
181,3,201,28,0,1,1,3,1
181,3,203,26,0,1,1,3,1
181,3,198,27,0,0,1,3,1
181,3,197,25,0,1,1,3,1
181,3,209,26,0,1,1,3,1
186,3,196,30,0,1,1,3,1
186,3,200,29,0,1,1,3,1
186,3,199,28,0,1,1,3,1
186,3,205,29,0,1,1,3,1
186,3,202,30,0,1,1,3,1
189,3,204,15,0,0,1,3,1
189,3,210,19,0,1,1,3,1
189,3,206,20,0,0,1,3,1
189,3,207,17,0,0,1,3,1
189,3,208,16,0,1,1,3,1
190,3,196,5,0,0,1,3,1
190,3,200,10,0,0,1,3,1
190,3,199,5,0,1,1,3,1
190,3,205,5,0,0,1,3,1
190,3,202,10,0,0,1,3,1
191,3,196,30,0,1,1,3,1
191,3,200,30,0,1,1,3,1
191,3,199,30,0,1,1,3,1
191,3,205,30,0,1,1,3,1
191,3,202,30,0,1,1,3,1
184,3,196,20,0,1,2,3,1
184,3,199,20,0,1,2,3,1
184,3,202,25,0,0,2,3,1
184,3,205,25,0,1,2,3,1
184,3,200,25,0,1,2,3,1
193,3,196,25,0,1,2,3,1
193,3,199,25,0,1,2,3,1
193,3,202,25,0,0,2,3,1
193,3,205,25,0,1,2,3,1
193,3,200,25,0,1,2,3,1
182,3,210,5,0,0,2,3,1
182,3,206,5,0,0,2,3,1
182,3,208,5,0,0,2,3,1
182,3,204,5,0,0,2,3,1
182,3,207,5,0,0,2,3,1
192,3,196,25,0,1,2,3,1
192,3,199,25,0,1,2,3,1
192,3,202,20,0,0,2,3,1
192,3,205,20,0,1,2,3,1
192,3,200,25,0,1,2,3,1
190,3,201,10,0,0,2,3,1
190,3,203,15,0,0,2,3,1
190,3,209,20,0,0,2,3,1
190,3,198,15,0,1,2,3,1
190,3,197,15,0,1,2,3,1
188,3,210,30,0,1,2,3,1
188,3,206,27,0,1,2,3,1
188,3,208,26,0,1,2,3,1
188,3,204,28,0,1,2,3,1
188,3,207,29,0,1,2,3,1
191,3,201,30,0,1,2,3,1
191,3,203,30,0,1,2,3,1
191,3,209,30,0,1,2,3,1
191,3,198,30,0,1,2,3,1
191,3,197,30,0,1,2,3,1
195,3,201,20,0,1,2,3,1
195,3,203,30,0,1,2,3,1
195,3,209,25,0,1,2,3,1
195,3,198,10,0,1,2,3,1
195,3,197,15,0,1,2,3,1
187,3,210,27,0,1,2,3,1
187,3,206,26,0,1,2,3,1
187,3,208,25,0,1,2,3,1
187,3,204,26,0,1,2,3,1
187,3,207,27,0,1,2,3,1
181,3,210,25,0,1,2,3,1
181,3,206,25,0,1,2,3,1
181,3,208,25,0,1,2,3,1
181,3,204,24,0,1,2,3,1
181,3,207,25,0,0,2,3,1
183,3,210,17,0,1,2,3,1
183,3,206,25,0,1,2,3,1
183,3,208,33,0,1,2,3,1
183,3,204,23,0,1,2,3,1
183,3,207,27,0,1,2,3,1
194,3,201,25,0,1,2,3,1
194,3,203,23,0,1,2,3,1
194,3,209,23,0,0,2,3,1
194,3,198,27,0,1,2,3,1
194,3,197,27,0,1,2,3,1
185,3,196,20,0,1,2,3,1
185,3,199,25,0,1,2,3,1
185,3,202,30,0,1,2,3,1
185,3,205,35,0,1,2,3,1
185,3,200,15,0,1,2,3,1
186,3,201,30,0,1,2,3,1
186,3,203,29,0,1,2,3,1
186,3,209,30,0,1,2,3,1
186,3,198,29,0,1,2,3,1
186,3,197,28,0,1,2,3,1
189,3,196,23,0,1,2,3,1
189,3,199,24,0,1,2,3,1
189,3,202,23,0,0,2,3,1
189,3,205,24,0,1,2,3,1
189,3,200,23,0,1,2,3,1
189,3,203,25,0,1,3,3,1
189,3,197,25,0,1,3,3,1
189,3,201,25,0,1,3,3,1
189,3,198,25,0,0,3,3,1
189,3,209,25,0,1,3,3,1
184,3,203,20,0,1,3,3,1
184,3,197,25,0,1,3,3,1
184,3,201,25,0,1,3,3,1
184,3,198,20,0,0,3,3,1
184,3,209,25,0,1,3,3,1
193,3,203,25,0,1,3,3,1
193,3,197,25,0,1,3,3,1
193,3,201,25,0,1,3,3,1
193,3,198,25,0,1,3,3,1
193,3,209,26,0,1,3,3,1
186,3,208,25,0,1,3,3,1
186,3,204,24,0,1,3,3,1
186,3,210,25,0,1,3,3,1
186,3,207,24,0,0,3,3,1
186,3,206,25,0,1,3,3,1
194,3,208,25,0,1,3,3,1
194,3,204,20,0,1,3,3,1
194,3,210,15,0,1,3,3,1
194,3,207,25,0,0,3,3,1
194,3,206,25,0,1,3,3,1
195,3,208,20,0,1,3,3,1
195,3,204,12,0,0,3,3,1
195,3,210,14,0,1,3,3,1
195,3,207,16,0,0,3,3,1
195,3,206,18,0,0,3,3,1
191,3,208,30,0,1,3,3,1
191,3,204,30,0,1,3,3,1
191,3,210,30,0,1,3,3,1
191,3,207,30,0,1,3,3,1
191,3,206,30,0,1,3,3,1
188,3,205,28,0,1,3,3,1
188,3,202,29,0,0,3,3,1
188,3,199,30,0,1,3,3,1
188,3,196,28,0,1,3,3,1
188,3,200,27,0,1,3,3,1
192,3,203,25,0,1,3,3,1
192,3,197,25,0,1,3,3,1
192,3,201,25,0,1,3,3,1
192,3,198,25,0,1,3,3,1
192,3,209,25,0,1,3,3,1
185,3,203,17,0,1,3,3,1
185,3,197,21,0,1,3,3,1
185,3,201,26,0,1,3,3,1
185,3,198,32,0,1,3,3,1
185,3,209,36,0,0,3,3,1
187,3,205,25,0,1,3,3,1
187,3,202,26,0,0,3,3,1
187,3,199,25,0,1,3,3,1
187,3,196,26,0,1,3,3,1
187,3,200,27,0,1,3,3,1
181,3,205,25,0,1,3,3,1
181,3,202,25,0,0,3,3,1
181,3,199,25,0,1,3,3,1
181,3,200,25,0,1,3,3,1
181,3,196,25,0,1,3,3,1
183,3,205,22,0,1,3,3,1
183,3,202,24,0,0,3,3,1
183,3,199,26,0,1,3,3,1
183,3,200,16,0,1,3,3,1
183,3,196,18,0,1,3,3,1
182,3,205,2,0,0,3,3,1
182,3,202,2,0,0,3,3,1
182,3,199,20,0,1,3,3,1
182,3,200,2,0,0,3,3,1
182,3,196,2,0,0,3,3,1
190,3,208,15,0,1,3,3,1
190,3,204,15,0,0,3,3,1
190,3,210,25,0,1,3,3,1
190,3,207,20,0,0,3,3,1
190,3,206,20,0,1,3,3,1
211,4,234,5,0,0,1,2,1
211,4,231,5,0,0,1,2,1
211,4,228,5,0,1,1,2,1
211,4,232,5,0,0,1,2,1
211,4,236,5,0,0,1,2,1
211,4,238,5,0,0,1,2,1
211,4,226,5,0,1,1,2,1
221,4,234,15,0,1,1,2,1
221,4,231,15,0,1,1,2,1
221,4,228,15,0,1,1,2,1
221,4,232,20,0,1,1,2,1
221,4,236,10,0,1,1,2,1
221,4,238,15,0,0,1,2,1
221,4,226,25,0,1,1,2,1
216,4,234,20,0,1,1,2,1
216,4,231,20,0,1,1,2,1
216,4,228,20,0,1,1,2,1
216,4,232,20,0,1,1,2,1
216,4,236,20,0,1,1,2,1
216,4,238,20,0,1,1,2,1
216,4,226,20,0,1,1,2,1
213,4,237,9,0,0,1,2,1
213,4,235,10,0,0,1,2,1
213,4,229,11,0,0,1,2,1
213,4,230,12,0,0,1,2,1
213,4,225,13,0,1,1,2,1
213,4,227,14,0,1,1,2,1
213,4,233,15,0,1,1,2,1
217,4,237,30,0,1,1,2,1
217,4,235,30,0,1,1,2,1
217,4,229,30,0,1,1,2,1
217,4,230,30,0,1,1,2,1
217,4,225,30,0,1,1,2,1
217,4,227,30,0,1,1,2,1
217,4,233,30,0,1,1,2,1
212,4,237,26,0,1,1,2,1
212,4,235,40,0,1,1,2,1
212,4,229,47,0,1,1,2,1
212,4,230,35,0,1,1,2,1
212,4,225,33,0,1,1,2,1
212,4,227,35,0,1,1,2,1
212,4,233,40,0,1,1,2,1
214,4,234,27.5,0,1,1,2,1
214,4,231,27.5,0,1,1,2,1
214,4,228,27.5,0,1,1,2,1
214,4,232,27.5,0,1,1,2,1
214,4,236,27.5,0,1,1,2,1
214,4,238,27.5,0,1,1,2,1
214,4,226,27.5,0,1,1,2,1
223,4,234,5,0,0,1,2,1
223,4,231,5,0,0,1,2,1
223,4,228,5,0,1,1,2,1
223,4,232,10,0,0,1,2,1
223,4,236,10,0,1,1,2,1
223,4,238,10,0,0,1,2,1
223,4,226,15,0,1,1,2,1
218,4,234,20,0,1,1,2,1
218,4,231,25,0,1,1,2,1
218,4,228,23,0,1,1,2,1
218,4,232,24,0,1,1,2,1
218,4,236,25,0,1,1,2,1
218,4,238,18,0,0,1,2,1
218,4,226,26,0,1,1,2,1
220,4,237,15,0,0,1,2,1
220,4,235,19,0,1,1,2,1
220,4,229,16,0,1,1,2,1
220,4,230,21,0,0,1,2,1
220,4,225,17,0,1,1,2,1
220,4,227,23,0,1,1,2,1
220,4,233,20,0,1,1,2,1
224,4,237,5,0,0,1,2,1
224,4,235,5,0,0,1,2,1
224,4,229,5,0,0,1,2,1
224,4,230,5,0,0,1,2,1
224,4,225,5,0,0,1,2,1
224,4,227,10,0,1,1,2,1
224,4,233,10,0,1,1,2,1
222,4,237,20,0,0,1,2,1
222,4,235,20,0,1,1,2,1
222,4,229,25,0,1,1,2,1
222,4,230,15,0,0,1,2,1
222,4,225,20,0,1,1,2,1
222,4,227,10,0,1,1,2,1
222,4,233,20,0,1,1,2,1
219,4,237,26,0,0,1,2,1
219,4,235,25,0,1,1,2,1
219,4,229,24,0,1,1,2,1
219,4,230,23,0,1,1,2,1
219,4,225,23,0,1,1,2,1
219,4,227,25,0,1,1,2,1
219,4,233,23,0,1,1,2,1
215,4,234,20,0,1,1,2,1
215,4,231,25,0,1,1,2,1
215,4,228,20,0,1,1,2,1
215,4,232,25,0,1,1,2,1
215,4,236,20,0,1,1,2,1
215,4,238,25,0,1,1,2,1
215,4,226,20,0,1,1,2,1
211,4,229,5,0,0,2,2,1
211,4,237,5,0,0,2,2,1
211,4,235,5,0,0,2,2,1
211,4,227,5,0,1,2,2,1
211,4,225,5,0,0,2,2,1
211,4,233,5,0,1,2,2,1
211,4,230,5,0,0,2,2,1
219,4,236,23,0,1,2,2,1
219,4,226,23,0,1,2,2,1
219,4,228,23,0,1,2,2,1
219,4,234,23,0,1,2,2,1
219,4,238,23,0,1,2,2,1
219,4,232,23,0,1,2,2,1
219,4,231,23,0,1,2,2,1
221,4,229,16,0,1,2,2,1
221,4,237,28,0,1,2,2,1
221,4,235,16,0,1,2,2,1
221,4,227,16,0,1,2,2,1
221,4,225,25,0,1,2,2,1
221,4,233,21,0,1,2,2,1
221,4,230,19,0,1,2,2,1
212,4,236,11,0,0,2,2,1
212,4,226,11,0,1,2,2,1
212,4,228,11,0,1,2,2,1
212,4,234,11,0,0,2,2,1
212,4,238,11,0,1,2,2,1
212,4,232,15,0,1,2,2,1
212,4,231,11,0,0,2,2,1
216,4,229,15,0,1,2,2,1
216,4,237,15,0,0,2,2,1
216,4,235,15,0,1,2,2,1
216,4,227,5,0,1,2,2,1
216,4,225,15,0,1,2,2,1
216,4,233,15,0,1,2,2,1
216,4,230,15,0,0,2,2,1
213,4,236,9,0,0,2,2,1
213,4,226,10,0,1,2,2,1
213,4,228,11,0,1,2,2,1
213,4,234,12,0,0,2,2,1
213,4,238,9,0,1,2,2,1
213,4,232,10,0,0,2,2,1
213,4,231,11,0,0,2,2,1
222,4,236,20,0,1,2,2,1
222,4,226,25,0,1,2,2,1
222,4,228,25,0,1,2,2,1
222,4,234,25,0,1,2,2,1
222,4,238,20,0,1,2,2,1
222,4,232,15,0,1,2,2,1
222,4,231,25,0,1,2,2,1
218,4,229,20,0,1,2,2,1
218,4,237,22,0,0,2,2,1
218,4,235,22,0,1,2,2,1
218,4,227,21,0,1,2,2,1
218,4,225,19,0,1,2,2,1
218,4,233,20,0,1,2,2,1
218,4,230,20,0,0,2,2,1
214,4,229,25,0,1,2,2,1
214,4,237,25,0,1,2,2,1
214,4,235,25,0,1,2,2,1
214,4,227,25,0,1,2,2,1
214,4,225,25,0,1,2,2,1
214,4,233,25,0,1,2,2,1
214,4,230,25,0,1,2,2,1
224,4,236,15,0,1,2,2,1
224,4,226,20,0,1,2,2,1
224,4,228,20,0,1,2,2,1
224,4,234,10,0,0,2,2,1
224,4,238,15,0,1,2,2,1
224,4,232,15,0,1,2,2,1
224,4,231,20,0,1,2,2,1
220,4,236,17,0,1,2,2,1
220,4,226,18,0,1,2,2,1
220,4,228,19,0,1,2,2,1
220,4,234,20,0,1,2,2,1
220,4,238,18,0,1,2,2,1
220,4,232,17,0,1,2,2,1
220,4,231,16,0,1,2,2,1
217,4,236,27,0,1,2,2,1
217,4,226,27,0,1,2,2,1
217,4,228,27,0,1,2,2,1
217,4,234,27,0,1,2,2,1
217,4,238,27,0,1,2,2,1
217,4,232,27,0,1,2,2,1
217,4,231,27,0,1,2,2,1
223,4,229,12,0,0,2,2,1
223,4,237,12,0,0,2,2,1
223,4,235,12,0,1,2,2,1
223,4,227,13,0,1,2,2,1
223,4,225,14,0,0,2,2,1
223,4,233,15,0,1,2,2,1
223,4,230,15,0,0,2,2,1
215,4,229,20,0,1,2,2,1
215,4,237,20,0,0,2,2,1
215,4,235,20,0,1,2,2,1
215,4,227,20,0,1,2,2,1
215,4,225,20,0,1,2,2,1
215,4,233,20,0,1,2,2,1
215,4,230,20,0,1,2,2,1
239,1,252,20,0,1,1,2,2
239,1,253,25,0,1,1,2,2
239,1,254,20,0,1,1,2,2
239,1,255,25,0,1,1,2,2
239,1,256,25,0,1,1,2,2
239,1,258,29,0,1,1,2,2
248,1,251,25,0,1,1,2,2
248,1,259,25,0,1,1,2,2
248,1,260,25,0,0,1,2,2
248,1,261,25,0,1,1,2,2
248,1,262,25,0,1,1,2,2
248,1,274,25,0,1,1,2,2
249,1,251,25,0,1,1,2,2
249,1,259,15,0,1,1,2,2
249,1,260,20,0,0,1,2,2
249,1,261,15,0,1,1,2,2
249,1,262,10,0,0,1,2,2
249,1,274,20,0,0,1,2,2
250,1,251,10,0,0,1,2,2
250,1,259,10,0,0,1,2,2
250,1,260,10,0,0,1,2,2
250,1,261,10,0,0,1,2,2
250,1,262,10,0,0,1,2,2
250,1,274,10,0,1,1,2,2
240,1,253,6,0,0,1,2,2
240,1,254,10,0,0,1,2,2
240,1,255,5,0,1,1,2,2
240,1,256,5,0,0,1,2,2
240,1,258,10,0,0,1,2,2
241,1,252,20,0,1,1,2,2
241,1,253,20,0,1,1,2,2
241,1,254,20,0,1,1,2,2
241,1,255,20,0,1,1,2,2
241,1,256,20,0,1,1,2,2
241,1,258,20,0,1,1,2,2
242,1,252,30,0,1,1,2,2
242,1,253,30,0,1,1,2,2
242,1,254,30,0,1,1,2,2
242,1,255,30,0,1,1,2,2
242,1,256,30,0,1,1,2,2
242,1,258,30,0,1,1,2,2
243,1,252,10,0,1,1,2,2
243,1,253,8,0,0,1,2,2
243,1,254,10,0,0,1,2,2
243,1,255,9,0,1,1,2,2
243,1,256,10,0,0,1,2,2
243,1,258,9,0,0,1,2,2
244,1,252,30,0,1,1,2,2
244,1,253,30,0,1,1,2,2
244,1,254,30,0,1,1,2,2
244,1,255,30,0,1,1,2,2
244,1,256,30,0,1,1,2,2
244,1,258,30,0,1,1,2,2
245,1,251,16,0,0,1,2,2
245,1,259,16,0,1,1,2,2
245,1,260,18,0,0,1,2,2
245,1,261,20,0,1,1,2,2
245,1,262,18,0,0,1,2,2
245,1,274,20,0,1,1,2,2
246,1,251,10,0,0,1,2,2
246,1,259,10,0,1,1,2,2
246,1,260,10,0,0,1,2,2
246,1,261,10,0,0,1,2,2
246,1,262,10,0,0,1,2,2
246,1,274,10,0,0,1,2,2
247,1,251,28,0,1,1,2,2
247,1,259,25,0,1,1,2,2
247,1,260,20,0,0,1,2,2
247,1,261,25,0,1,1,2,2
247,1,262,27,0,1,1,2,2
247,1,274,30,0,1,1,2,2
239,1,259,20,0,1,2,2,2
239,1,260,20,0,0,2,2,2
239,1,261,20,0,1,2,2,2
239,1,262,20,0,1,2,2,2
239,1,274,20,0,1,2,2,2
239,1,251,20,0,1,2,2,2
248,1,252,25,0,1,2,2,2
248,1,253,25,0,1,2,2,2
248,1,254,25,0,1,2,2,2
248,1,256,25,0,1,2,2,2
248,1,258,25,0,1,2,2,2
248,1,255,25,0,1,2,2,2
249,1,252,20,0,1,2,2,2
249,1,253,20,0,1,2,2,2
249,1,254,25,0,1,2,2,2
249,1,255,25,0,1,2,2,2
249,1,258,25,0,1,2,2,2
249,1,256,21,0,1,2,2,2
250,1,252,20,0,1,2,2,2
250,1,253,20,0,1,2,2,2
250,1,254,25,0,1,2,2,2
250,1,255,20,0,1,2,2,2
250,1,256,25,0,1,2,2,2
250,1,258,25,0,1,2,2,2
240,1,251,5,0,0,2,2,2
240,1,259,5,0,1,2,2,2
240,1,260,5,0,0,2,2,2
240,1,261,5,0,0,2,2,2
240,1,262,5,0,0,2,2,2
240,1,274,5,0,0,2,2,2
241,1,251,20,0,1,2,2,2
241,1,259,20,0,1,2,2,2
241,1,260,20,0,0,2,2,2
241,1,261,20,0,1,2,2,2
241,1,274,20,0,1,2,2,2
241,1,262,20,0,1,2,2,2
242,1,251,30,0,1,2,2,2
242,1,260,30,0,1,2,2,2
242,1,261,30,0,1,2,2,2
242,1,262,30,0,1,2,2,2
242,1,274,30,0,1,2,2,2
242,1,259,30,0,1,2,2,2
243,1,251,15,0,1,2,2,2
243,1,259,15,0,1,2,2,2
243,1,261,15,0,1,2,2,2
243,1,262,15,0,0,2,2,2
243,1,274,15,0,1,2,2,2
243,1,260,15,0,0,2,2,2
244,1,251,30,0,1,2,2,2
244,1,259,30,0,1,2,2,2
244,1,260,30,0,1,2,2,2
244,1,262,30,0,1,2,2,2
244,1,274,30,0,1,2,2,2
244,1,261,30,0,1,2,2,2
245,1,253,18,0,1,2,2,2
245,1,254,20,0,1,2,2,2
245,1,255,18,0,1,2,2,2
245,1,256,20,0,1,2,2,2
245,1,258,18,0,1,2,2,2
245,1,252,20,0,1,2,2,2
246,1,252,20,0,1,2,2,2
246,1,254,20,0,1,2,2,2
246,1,255,20,0,1,2,2,2
246,1,256,20,0,1,2,2,2
246,1,258,20,0,1,2,2,2
246,1,253,20,0,1,2,2,2
247,1,252,25,0,1,2,2,2
247,1,253,25,0,1,2,2,2
247,1,255,25,0,1,2,2,2
247,1,256,30,0,1,2,2,2
247,1,258,27,0,1,2,2,2
247,1,254,20,0,1,2,2,2
263,4,275,20,0,1,1,2,2
263,4,276,15,0,0,1,2,2
263,4,277,20,0,1,1,2,2
263,4,279,15,0,1,1,2,2
263,4,280,25,0,1,1,2,2
263,4,281,20,0,1,1,2,2
263,4,278,25,0,1,1,2,2
272,4,282,15,0,1,1,2,2
272,4,283,10,0,1,1,2,2
272,4,284,20,0,1,1,2,2
272,4,285,10,0,1,1,2,2
272,4,286,10,0,1,1,2,2
272,4,288,10,0,1,1,2,2
272,4,287,15,0,1,1,2,2
273,4,282,5,0,0,1,2,2
273,4,283,5,0,1,1,2,2
273,4,284,10,0,1,1,2,2
273,4,285,10,0,1,1,2,2
273,4,286,5,0,1,1,2,2
273,4,287,5,0,0,1,2,2
273,4,288,5,0,0,1,2,2
274,4,282,15,0,1,1,2,2
274,4,284,15,0,1,1,2,2
274,4,285,15,0,1,1,2,2
274,4,286,15,0,1,1,2,2
274,4,287,15,0,1,1,2,2
274,4,288,15,0,1,1,2,2
274,4,283,15,0,1,1,2,2
275,4,283,20,0,1,1,2,2
275,4,284,20,0,1,1,2,2
275,4,285,20,0,1,1,2,2
275,4,286,20,0,1,1,2,2
275,4,287,20,0,1,1,2,2
275,4,288,20,0,1,1,2,2
275,4,282,20,0,1,1,2,2
276,4,282,8,0,0,1,2,2
276,4,283,8,0,1,1,2,2
276,4,284,8,0,1,1,2,2
276,4,286,8,0,1,1,2,2
276,4,287,10,0,1,1,2,2
276,4,288,8,0,0,1,2,2
276,4,285,8,0,0,1,2,2
264,4,275,20,0,1,1,2,2
264,4,276,25,0,1,1,2,2
264,4,277,24,0,1,1,2,2
264,4,278,20,0,1,1,2,2
264,4,280,21,0,1,1,2,2
264,4,281,28,0,1,1,2,2
264,4,279,19,0,1,1,2,2
265,4,275,10,0,1,1,2,2
265,4,276,10,0,0,1,2,2
265,4,277,10,0,1,1,2,2
265,4,278,10,0,0,1,2,2
265,4,279,10,0,1,1,2,2
265,4,281,10,0,1,1,2,2
265,4,280,10,0,1,1,2,2
266,4,275,5,0,1,1,2,2
266,4,277,20,0,1,1,2,2
266,4,278,10,0,0,1,2,2
266,4,279,20,0,1,1,2,2
266,4,280,20,0,1,1,2,2
266,4,281,10,0,1,1,2,2
266,4,276,10,0,0,1,2,2
267,4,275,20,0,1,1,2,2
267,4,276,15,0,1,1,2,2
267,4,278,15,0,1,1,2,2
267,4,279,25,0,1,1,2,2
267,4,280,10,0,1,1,2,2
267,4,281,20,0,1,1,2,2
267,4,277,20,0,1,1,2,2
268,4,275,10,0,1,1,2,2
268,4,276,15,0,1,1,2,2
268,4,277,10,0,1,1,2,2
268,4,278,15,0,1,1,2,2
268,4,279,10,0,1,1,2,2
268,4,280,10,0,1,1,2,2
268,4,281,15,0,1,1,2,2
269,4,276,10,0,0,1,2,2
269,4,277,10,0,1,1,2,2
269,4,278,10,0,0,1,2,2
269,4,279,10,0,1,1,2,2
269,4,280,10,0,1,1,2,2
269,4,281,10,0,1,1,2,2
269,4,275,10,0,1,1,2,2
270,4,282,20,0,1,1,2,2
270,4,283,20,0,1,1,2,2
270,4,285,10,0,1,1,2,2
270,4,286,20,0,1,1,2,2
270,4,287,20,0,1,1,2,2
270,4,288,20,0,1,1,2,2
270,4,284,20,0,1,1,2,2
271,4,282,30,0,1,1,2,2
271,4,283,25,0,1,1,2,2
271,4,284,30,0,1,1,2,2
271,4,285,25,0,1,1,2,2
271,4,287,25,0,1,1,2,2
271,4,288,30,0,1,1,2,2
271,4,286,25,0,1,1,2,2
263,4,282,20,0,1,2,2,2
263,4,283,10,0,1,2,2,2
263,4,284,15,0,1,2,2,2
263,4,285,10,0,1,2,2,2
263,4,286,20,0,1,2,2,2
263,4,287,15,0,1,2,2,2
263,4,288,15,0,1,2,2,2
272,4,275,15,0,1,2,2,2
272,4,276,10,0,1,2,2,2
272,4,277,10,0,1,2,2,2
272,4,278,15,0,1,2,2,2
272,4,279,15,0,1,2,2,2
272,4,280,10,0,1,2,2,2
272,4,281,15,0,1,2,2,2
273,4,275,10,0,1,2,2,2
273,4,276,10,0,0,2,2,2
273,4,277,10,0,1,2,2,2
273,4,278,10,0,0,2,2,2
273,4,279,10,0,0,2,2,2
273,4,280,10,0,1,2,2,2
273,4,281,15,0,1,2,2,2
274,4,275,15,0,1,2,2,2
274,4,276,15,0,1,2,2,2
274,4,277,15,0,1,2,2,2
274,4,278,15,0,1,2,2,2
274,4,279,15,0,1,2,2,2
274,4,280,15,0,1,2,2,2
274,4,281,15,0,1,2,2,2
275,4,275,20,0,1,2,2,2
275,4,276,20,0,1,2,2,2
275,4,277,20,0,1,2,2,2
275,4,278,20,0,1,2,2,2
275,4,279,20,0,1,2,2,2
275,4,280,20,0,1,2,2,2
275,4,281,20,0,1,2,2,2
276,4,275,15,0,1,2,2,2
276,4,276,17,0,1,2,2,2
276,4,277,15,0,1,2,2,2
276,4,278,15,0,1,2,2,2
276,4,279,15,0,1,2,2,2
276,4,280,15,0,1,2,2,2
276,4,281,15,0,1,2,2,2
264,4,282,22,0,1,2,2,2
264,4,283,24,0,1,2,2,2
264,4,284,22,0,1,2,2,2
264,4,285,25,0,1,2,2,2
264,4,286,23,0,1,2,2,2
264,4,287,24,0,1,2,2,2
264,4,288,23,0,1,2,2,2
265,4,282,10,0,0,2,2,2
265,4,283,10,0,1,2,2,2
265,4,284,10,0,1,2,2,2
265,4,285,10,0,1,2,2,2
265,4,286,10,0,1,2,2,2
265,4,287,10,0,1,2,2,2
265,4,288,10,0,1,2,2,2
266,4,282,5,0,0,2,2,2
266,4,283,10,0,1,2,2,2
266,4,284,5,0,1,2,2,2
266,4,285,10,0,1,2,2,2
266,4,286,5,0,1,2,2,2
266,4,287,10,0,1,2,2,2
266,4,288,10,0,1,2,2,2
267,4,282,10,0,0,2,2,2
267,4,283,10,0,1,2,2,2
267,4,284,10,0,1,2,2,2
267,4,285,15,0,1,2,2,2
267,4,286,5,0,1,2,2,2
267,4,287,10,0,1,2,2,2
267,4,288,5,0,0,2,2,2
268,4,282,15,0,1,2,2,2
268,4,283,15,0,1,2,2,2
268,4,284,15,0,1,2,2,2
268,4,285,15,0,1,2,2,2
268,4,286,15,0,1,2,2,2
268,4,287,15,0,1,2,2,2
268,4,288,15,0,1,2,2,2
269,4,282,10,0,0,2,2,2
269,4,283,10,0,1,2,2,2
269,4,284,10,0,1,2,2,2
269,4,285,10,0,0,2,2,2
269,4,286,10,0,1,2,2,2
269,4,287,10,0,1,2,2,2
269,4,288,10,0,0,2,2,2
270,4,275,20,0,1,2,2,2
270,4,276,20,0,1,2,2,2
270,4,277,20,0,1,2,2,2
270,4,278,15,0,1,2,2,2
270,4,279,20,0,1,2,2,2
270,4,280,20,0,1,2,2,2
270,4,281,15,0,1,2,2,2
271,4,275,25,0,1,2,2,2
271,4,276,30,0,1,2,2,2
271,4,277,25,0,1,2,2,2
271,4,278,30,0,1,2,2,2
271,4,279,25,0,1,2,2,2
271,4,280,30,0,1,2,2,2
271,4,281,25,0,1,2,2,2
